detectee,delai,fausses_alertes,methode,type
True,128.0,0,KS brut,saut_moyenne
True,103.0,0,KS brut,saut_moyenne
True,85.0,0,KS brut,saut_moyenne
True,72.0,0,KS brut,saut_moyenne
True,75.0,0,KS brut,saut_moyenne
True,104.0,0,KS brut,saut_moyenne
True,107.0,0,KS brut,saut_moyenne
True,107.0,0,KS brut,saut_moyenne
True,72.0,0,KS brut,saut_moyenne
True,71.0,0,KS brut,saut_moyenne
True,190.0,0,KS brut,graduelle
True,155.0,0,KS brut,graduelle
True,215.0,0,KS brut,graduelle
True,211.0,0,KS brut,graduelle
True,177.0,0,KS brut,graduelle
True,207.0,0,KS brut,graduelle
True,240.0,0,KS brut,graduelle
True,181.0,0,KS brut,graduelle
True,168.0,0,KS brut,graduelle
True,159.0,0,KS brut,graduelle
False,,0,KS brut,variance
True,248.0,0,KS brut,variance
False,,0,KS brut,variance
False,,0,KS brut,variance
False,,0,KS brut,variance
False,,0,KS brut,variance
False,,0,KS brut,variance
False,,0,KS brut,variance
False,,0,KS brut,variance
False,,0,KS brut,variance
True,78.0,0,KS brut,saisonnalite
True,77.0,0,KS brut,saisonnalite
True,64.0,0,KS brut,saisonnalite
True,79.0,0,KS brut,saisonnalite
True,60.0,0,KS brut,saisonnalite
True,78.0,0,KS brut,saisonnalite
True,64.0,0,KS brut,saisonnalite
True,67.0,0,KS brut,saisonnalite
True,71.0,0,KS brut,saisonnalite
True,79.0,0,KS brut,saisonnalite
False,,0,KS brut,forme
False,,0,KS brut,forme
False,,0,KS brut,forme
False,,0,KS brut,forme
False,,0,KS brut,forme
False,,0,KS brut,forme
False,,0,KS brut,forme
False,,0,KS brut,forme
False,,0,KS brut,forme
False,,0,KS brut,forme
True,47.0,0,KS résidus,saut_moyenne
True,52.0,0,KS résidus,saut_moyenne
True,89.0,0,KS résidus,saut_moyenne
True,22.0,0,KS résidus,saut_moyenne
True,49.0,0,KS résidus,saut_moyenne
True,53.0,0,KS résidus,saut_moyenne
True,71.0,0,KS résidus,saut_moyenne
True,70.0,0,KS résidus,saut_moyenne
True,42.0,0,KS résidus,saut_moyenne
True,54.0,0,KS résidus,saut_moyenne
True,164.0,0,KS résidus,graduelle
True,97.0,0,KS résidus,graduelle
True,159.0,0,KS résidus,graduelle
True,164.0,0,KS résidus,graduelle
True,131.0,0,KS résidus,graduelle
True,108.0,0,KS résidus,graduelle
True,150.0,0,KS résidus,graduelle
True,151.0,0,KS résidus,graduelle
True,142.0,0,KS résidus,graduelle
True,132.0,0,KS résidus,graduelle
True,114.0,0,KS résidus,variance
True,119.0,0,KS résidus,variance
True,277.0,0,KS résidus,variance
True,157.0,0,KS résidus,variance
True,245.0,0,KS résidus,variance
True,120.0,0,KS résidus,variance
True,141.0,0,KS résidus,variance
True,152.0,0,KS résidus,variance
False,,0,KS résidus,variance
True,190.0,0,KS résidus,variance
True,104.0,0,KS résidus,saisonnalite
True,101.0,0,KS résidus,saisonnalite
True,107.0,0,KS résidus,saisonnalite
True,79.0,0,KS résidus,saisonnalite
True,103.0,0,KS résidus,saisonnalite
True,98.0,0,KS résidus,saisonnalite
True,100.0,0,KS résidus,saisonnalite
True,107.0,0,KS résidus,saisonnalite
True,118.0,0,KS résidus,saisonnalite
True,104.0,0,KS résidus,saisonnalite
False,,0,KS résidus,forme
False,,0,KS résidus,forme
False,,0,KS résidus,forme
False,,0,KS résidus,forme
False,,0,KS résidus,forme
False,,0,KS résidus,forme
False,,0,KS résidus,forme
False,,0,KS résidus,forme
False,,0,KS résidus,forme
False,,0,KS résidus,forme
True,64.0,0,MW résidus,saut_moyenne
True,55.0,0,MW résidus,saut_moyenne
True,80.0,0,MW résidus,saut_moyenne
True,43.0,0,MW résidus,saut_moyenne
True,34.0,0,MW résidus,saut_moyenne
True,61.0,0,MW résidus,saut_moyenne
True,64.0,0,MW résidus,saut_moyenne
True,72.0,0,MW résidus,saut_moyenne
True,33.0,0,MW résidus,saut_moyenne
True,51.0,0,MW résidus,saut_moyenne
True,164.0,0,MW résidus,graduelle
True,103.0,0,MW résidus,graduelle
True,162.0,0,MW résidus,graduelle
True,110.0,0,MW résidus,graduelle
True,128.0,0,MW résidus,graduelle
True,109.0,0,MW résidus,graduelle
True,136.0,0,MW résidus,graduelle
True,155.0,0,MW résidus,graduelle
True,144.0,0,MW résidus,graduelle
True,131.0,0,MW résidus,graduelle
False,,0,MW résidus,variance
False,,0,MW résidus,variance
False,,0,MW résidus,variance
False,,0,MW résidus,variance
False,,0,MW résidus,variance
False,,0,MW résidus,variance
False,,0,MW résidus,variance
False,,0,MW résidus,variance
False,,0,MW résidus,variance
False,,0,MW résidus,variance
False,,0,MW résidus,saisonnalite
False,,0,MW résidus,saisonnalite
False,,0,MW résidus,saisonnalite
False,,0,MW résidus,saisonnalite
False,,0,MW résidus,saisonnalite
False,,0,MW résidus,saisonnalite
False,,0,MW résidus,saisonnalite
False,,0,MW résidus,saisonnalite
False,,0,MW résidus,saisonnalite
False,,0,MW résidus,saisonnalite
False,,0,MW résidus,forme
False,,0,MW résidus,forme
False,,0,MW résidus,forme
False,,0,MW résidus,forme
False,,0,MW résidus,forme
False,,0,MW résidus,forme
False,,0,MW résidus,forme
False,,0,MW résidus,forme
False,,0,MW résidus,forme
False,,0,MW résidus,forme
True,56.0,0,PH résidus,saut_moyenne
True,40.0,0,PH résidus,saut_moyenne
True,34.0,0,PH résidus,saut_moyenne
True,27.0,0,PH résidus,saut_moyenne
True,27.0,0,PH résidus,saut_moyenne
True,19.0,0,PH résidus,saut_moyenne
True,48.0,0,PH résidus,saut_moyenne
True,41.0,0,PH résidus,saut_moyenne
True,28.0,0,PH résidus,saut_moyenne
True,32.0,0,PH résidus,saut_moyenne
True,149.0,0,PH résidus,graduelle
True,135.0,0,PH résidus,graduelle
True,131.0,0,PH résidus,graduelle
True,183.0,0,PH résidus,graduelle
True,188.0,0,PH résidus,graduelle
True,158.0,0,PH résidus,graduelle
True,91.0,0,PH résidus,graduelle
True,154.0,0,PH résidus,graduelle
True,148.0,0,PH résidus,graduelle
True,142.0,0,PH résidus,graduelle
True,19.0,0,PH résidus,variance
True,23.0,0,PH résidus,variance
False,,0,PH résidus,variance
True,45.0,0,PH résidus,variance
True,170.0,0,PH résidus,variance
True,136.0,0,PH résidus,variance
True,78.0,0,PH résidus,variance
True,12.0,0,PH résidus,variance
True,63.0,0,PH résidus,variance
False,,0,PH résidus,variance
True,9.0,0,PH résidus,saisonnalite
True,8.0,0,PH résidus,saisonnalite
True,10.0,0,PH résidus,saisonnalite
True,10.0,0,PH résidus,saisonnalite
True,8.0,0,PH résidus,saisonnalite
True,7.0,0,PH résidus,saisonnalite
True,19.0,0,PH résidus,saisonnalite
True,19.0,0,PH résidus,saisonnalite
True,7.0,0,PH résidus,saisonnalite
True,7.0,0,PH résidus,saisonnalite
False,,0,PH résidus,forme
False,,0,PH résidus,forme
False,,0,PH résidus,forme
False,,0,PH résidus,forme
False,,0,PH résidus,forme
False,,0,PH résidus,forme
False,,0,PH résidus,forme
False,,0,PH résidus,forme
False,,0,PH résidus,forme
False,,0,PH résidus,forme
True,38.0,0,CUSUM résidus,saut_moyenne
True,30.0,0,CUSUM résidus,saut_moyenne
True,40.0,0,CUSUM résidus,saut_moyenne
True,20.0,0,CUSUM résidus,saut_moyenne
True,25.0,0,CUSUM résidus,saut_moyenne
True,19.0,0,CUSUM résidus,saut_moyenne
True,44.0,0,CUSUM résidus,saut_moyenne
True,42.0,0,CUSUM résidus,saut_moyenne
True,26.0,0,CUSUM résidus,saut_moyenne
True,31.0,0,CUSUM résidus,saut_moyenne
True,131.0,0,CUSUM résidus,graduelle
True,105.0,0,CUSUM résidus,graduelle
True,147.0,0,CUSUM résidus,graduelle
True,163.0,0,CUSUM résidus,graduelle
True,140.0,0,CUSUM résidus,graduelle
True,121.0,0,CUSUM résidus,graduelle
True,87.0,0,CUSUM résidus,graduelle
True,166.0,0,CUSUM résidus,graduelle
True,138.0,0,CUSUM résidus,graduelle
True,133.0,0,CUSUM résidus,graduelle
True,20.0,0,CUSUM résidus,variance
True,23.0,0,CUSUM résidus,variance
False,,0,CUSUM résidus,variance
True,27.0,0,CUSUM résidus,variance
True,172.0,0,CUSUM résidus,variance
True,136.0,0,CUSUM résidus,variance
True,77.0,0,CUSUM résidus,variance
True,12.0,0,CUSUM résidus,variance
True,64.0,0,CUSUM résidus,variance
False,,0,CUSUM résidus,variance
True,9.0,0,CUSUM résidus,saisonnalite
True,7.0,0,CUSUM résidus,saisonnalite
True,11.0,0,CUSUM résidus,saisonnalite
True,8.0,0,CUSUM résidus,saisonnalite
True,8.0,0,CUSUM résidus,saisonnalite
True,7.0,0,CUSUM résidus,saisonnalite
True,19.0,0,CUSUM résidus,saisonnalite
True,19.0,0,CUSUM résidus,saisonnalite
True,7.0,0,CUSUM résidus,saisonnalite
True,7.0,0,CUSUM résidus,saisonnalite
False,,0,CUSUM résidus,forme
False,,0,CUSUM résidus,forme
False,,0,CUSUM résidus,forme
False,,0,CUSUM résidus,forme
False,,0,CUSUM résidus,forme
False,,0,CUSUM résidus,forme
False,,0,CUSUM résidus,forme
False,,0,CUSUM résidus,forme
False,,0,CUSUM résidus,forme
False,,0,CUSUM résidus,forme
